marcador	familia	informe_id	base_id	solapa	campo_logico	periodo_ref	operacion	valor_fijo	filtro	dimensiones	formato	catalogo	separador	notas
enc_alcance	enc	jm	digital	Alcance	alc_alcance		ULTIMO				miles			_39 (12/08) — re-apuntado de digital/Digital a digital/Alcance. DEROGA la resolucion del 04/08: aquella eligio Digital/dig_alcance por coherencia con enc_impresiones, y esa coherencia ya no sostiene nada — digital/Digital es uso=ignorar (R-22, congelada en dic-2025), asi que enc_impresiones tampoco publica. Se alineaba con un marcador que no funciona. Validado por D-06 (casos_validacion_2026-07-31): Orden Publico 28/07 = 65576, nota base 31/07 = 66345, y digital/Alcance de 3387-JULJDGGC trae exactamente 66345. OJO: la solapa NO tiene columna de fecha, y 3387 y 3289 traen dos filas identicas salvo el numero — ULTIMO no elige y salen «FALTA:@ultimo_sin_fecha_ambiguo» a proposito (guarda del _39 en opULTIMO). Publican San Cristobal 1412 y Retiro 47753. SIN VALIDAR — demo 12/08
ecv_encuentros	ecv	jm	rdv	RVD JM-CM - ES	inscriptos		CONTEO			ambito=jm	numero			CONTEO cuenta filas, no valores: da los encuentros de la ventana. El campo_logico es solo el ancla de columna que pide el despachador
ecv_insc_mail_pct	ecv	jm	rdv	RVD JM-CM - ES	insc_mail/inscriptos		PCT			ambito=jm	porcentaje_sin_signo			formato numero y no porcentaje (05/08): la caja de la lamina ya trae su propio % — «{{ecv_insc_mail}}({{ecv_insc_mail_pct}}%)». Con porcentaje saldria "59.5%%", el mismo bug que el formato fraccion arreglo el 04/08. Falta el formato "unidades de pct sin signo"; el prompt pidio no tocar los porcentajes, asi que se usa numero.
ecv_insc_cc_pct	ecv	jm	rdv	RVD JM-CM - ES	insc_cc/inscriptos		PCT			ambito=jm	porcentaje_sin_signo			formato numero y no porcentaje (05/08): la caja de la lamina ya trae su propio % — «{{ecv_insc_mail}}({{ecv_insc_mail_pct}}%)». Con porcentaje saldria "59.5%%", el mismo bug que el formato fraccion arreglo el 04/08. Falta el formato "unidades de pct sin signo"; el prompt pidio no tocar los porcentajes, asi que se usa numero.
ecv_insc_ivr_pct	ecv	jm	rdv	RVD JM-CM - ES	insc_ivr/inscriptos		PCT			ambito=jm	porcentaje_sin_signo			formato numero y no porcentaje (05/08): la caja de la lamina ya trae su propio % — «{{ecv_insc_mail}}({{ecv_insc_mail_pct}}%)». Con porcentaje saldria "59.5%%", el mismo bug que el formato fraccion arreglo el 04/08. Falta el formato "unidades de pct sin signo"; el prompt pidio no tocar los porcentajes, asi que se usa numero.
ecv_insc_digital_pct	ecv	jm	rdv	RVD JM-CM - ES	insc_digital/inscriptos		PCT			ambito=jm	porcentaje_sin_signo			formato numero y no porcentaje (05/08): la caja de la lamina ya trae su propio % — «{{ecv_insc_mail}}({{ecv_insc_mail_pct}}%)». Con porcentaje saldria "59.5%%", el mismo bug que el formato fraccion arreglo el 04/08. Falta el formato "unidades de pct sin signo"; el prompt pidio no tocar los porcentajes, asi que se usa numero.
ecv_insc_dif_pct	ecv	jm	rdv	RVD JM-CM - ES	insc_dif/inscriptos		PCT			ambito=jm	porcentaje_sin_signo			formato numero y no porcentaje (05/08): la caja de la lamina ya trae su propio % — «{{ecv_insc_mail}}({{ecv_insc_mail_pct}}%)». Con porcentaje saldria "59.5%%", el mismo bug que el formato fraccion arreglo el 04/08. Falta el formato "unidades de pct sin signo"; el prompt pidio no tocar los porcentajes, asi que se usa numero.
enc_audiencia	enc	jm	digital	Directa IVR	ivr_audiencia		SUMA				numero			SUMA y no ULTIMO (11/08): VALIDACION 3.2 verifico digito a digito que el deck publicado es la suma de las dos filas de la cuenta (40874+37763, 37055+34179, 13766+13833, 82+174). ULTIMO tomaba solo la segunda.
enc_atendidos	enc	jm	digital	Directa IVR	ivr_atendidos		SUMA				numero			SUMA y no ULTIMO (11/08): VALIDACION 3.2 verifico digito a digito que el deck publicado es la suma de las dos filas de la cuenta (40874+37763, 37055+34179, 13766+13833, 82+174). ULTIMO tomaba solo la segunda.
enc_e75	enc	jm	digital	Directa IVR	ivr_e75		SUMA				numero			SUMA y no ULTIMO (11/08): VALIDACION 3.2 verifico digito a digito que el deck publicado es la suma de las dos filas de la cuenta (40874+37763, 37055+34179, 13766+13833, 82+174). ULTIMO tomaba solo la segunda.
enc_marque1	enc	jm	digital	Directa IVR	ivr_marque1		SUMA				numero			SUMA y no ULTIMO (11/08): VALIDACION 3.2 verifico digito a digito que el deck publicado es la suma de las dos filas de la cuenta (40874+37763, 37055+34179, 13766+13833, 82+174). ULTIMO tomaba solo la segunda.
enc_e75_pct	enc	jm	digital	Directa IVR	ivr_e75/ivr_atendidos		PCT				porcentaje_sin_signo			PCT y no SUMA (11/08): sumar dos porcentajes da 77,6% donde el valor es 38,7%. El formato es numero porque la caja de la lamina ya trae su %, igual que los ecv_insc_*_pct.
enc_mails_enviados	enc	jm	digital	Directa Mail	mail_enviados		ULTIMO		mail_tipo=Convocatoria		numero			filtro mail_tipo=Convocatoria (11/08): VALIDACION 3.3 — la lamina toma el envio de convocatoria, no el total de la cuenta (271.701 en 5 envios contra los 44.043 publicados). Ni SUMA ni ULTIMO a secas: con el filtro quedan 3 convocatorias y ULTIMO toma la del 25/07, que es la publicada. La ventana sola NO alcanza: 2 de las 5 filas caen dentro y la ultima es la de confirmacion.
enc_mails_entregados	enc	jm	digital	Directa Mail	mail_entregados		ULTIMO		mail_tipo=Convocatoria		numero			filtro mail_tipo=Convocatoria (11/08): VALIDACION 3.3 — la lamina toma el envio de convocatoria, no el total de la cuenta (271.701 en 5 envios contra los 44.043 publicados). Ni SUMA ni ULTIMO a secas: con el filtro quedan 3 convocatorias y ULTIMO toma la del 25/07, que es la publicada. La ventana sola NO alcanza: 2 de las 5 filas caen dentro y la ultima es la de confirmacion.
enc_aperturas	enc	jm	digital	Directa Mail	mail_aperturas		ULTIMO		mail_tipo=Convocatoria		numero			filtro mail_tipo=Convocatoria (11/08): VALIDACION 3.3 — la lamina toma el envio de convocatoria, no el total de la cuenta (271.701 en 5 envios contra los 44.043 publicados). Ni SUMA ni ULTIMO a secas: con el filtro quedan 3 convocatorias y ULTIMO toma la del 25/07, que es la publicada. La ventana sola NO alcanza: 2 de las 5 filas caen dentro y la ultima es la de confirmacion.
enc_clics_ctor	enc	jm	digital	Directa Mail	mail_clics		ULTIMO		mail_tipo=Convocatoria		numero			filtro mail_tipo=Convocatoria (11/08): VALIDACION 3.3 — la lamina toma el envio de convocatoria, no el total de la cuenta (271.701 en 5 envios contra los 44.043 publicados). Ni SUMA ni ULTIMO a secas: con el filtro quedan 3 convocatorias y ULTIMO toma la del 25/07, que es la publicada. La ventana sola NO alcanza: 2 de las 5 filas caen dentro y la ultima es la de confirmacion.
enc_or	enc	jm	digital	Directa Mail	mail_or		ULTIMO		mail_tipo=Convocatoria		fraccion			filtro mail_tipo=Convocatoria (11/08): VALIDACION 3.3 — la lamina toma el envio de convocatoria, no el total de la cuenta (271.701 en 5 envios contra los 44.043 publicados). Ni SUMA ni ULTIMO a secas: con el filtro quedan 3 convocatorias y ULTIMO toma la del 25/07, que es la publicada. La ventana sola NO alcanza: 2 de las 5 filas caen dentro y la ultima es la de confirmacion.
enc_ctor	enc	jm	digital	Directa Mail	mail_ctor		ULTIMO		mail_tipo=Convocatoria		fraccion			filtro mail_tipo=Convocatoria (11/08): VALIDACION 3.3 — la lamina toma el envio de convocatoria, no el total de la cuenta (271.701 en 5 envios contra los 44.043 publicados). Ni SUMA ni ULTIMO a secas: con el filtro quedan 3 convocatorias y ULTIMO toma la del 25/07, que es la publicada. La ventana sola NO alcanza: 2 de las 5 filas caen dentro y la ultima es la de confirmacion.
mail_envios	mail	jm	digital	Directa Mail	mail_enviados		SUMA			ambito=jm	miles			Resumen Ejecutivo sembrado 16/08 — agregado global de digital (sin id_cuenta), recortado por la ventana del informe con la fecha_periodo de la solapa
mail_entregados	mail	jm	digital	Directa Mail	mail_entregados		SUMA			ambito=jm	miles			Resumen Ejecutivo sembrado 16/08 — agregado global de digital (sin id_cuenta), recortado por la ventana del informe con la fecha_periodo de la solapa
mail_aperturas	mail	jm	digital	Directa Mail	mail_aperturas		SUMA			ambito=jm	miles			Resumen Ejecutivo sembrado 16/08 — agregado global de digital (sin id_cuenta), recortado por la ventana del informe con la fecha_periodo de la solapa
mail_or	mail	jm	digital	Directa Mail	mail_aperturas/mail_entregados		PCT			ambito=jm	porcentaje_sin_signo			Resumen Ejecutivo sembrado 16/08 — agregado global de digital (sin id_cuenta), recortado por la ventana del informe con la fecha_periodo de la solapa
ivr_campanias	ivr	jm	digital	Directa IVR	ivr_id_cuenta		CONTEO				numero			Resumen Ejecutivo sembrado 16/08 — agregado global de digital (sin id_cuenta), recortado por la ventana del informe con la fecha_periodo de la solapa
ivr_llamados	ivr	jm	digital	Directa IVR	ivr_llamados		SUMA				miles			Resumen Ejecutivo sembrado 16/08 — agregado global de digital (sin id_cuenta), recortado por la ventana del informe con la fecha_periodo de la solapa
ivr_atendidos	ivr	jm	digital	Directa IVR	ivr_atendidos		SUMA				miles			Resumen Ejecutivo sembrado 16/08 — agregado global de digital (sin id_cuenta), recortado por la ventana del informe con la fecha_periodo de la solapa
ivr_at_pct	ivr	jm	digital	Directa IVR	ivr_atendidos/ivr_llamados		PCT				porcentaje_sin_signo			Resumen Ejecutivo sembrado 16/08 — agregado global de digital (sin id_cuenta), recortado por la ventana del informe con la fecha_periodo de la solapa
pauta_google	pauta	jm	digital	Seguimiento digital	sd_pauta_google		SUMA				miles			Resumen Ejecutivo sembrado 16/08 — agregado global de digital (sin id_cuenta), recortado por la ventana del informe con la fecha_periodo de la solapa
pauta_meta	pauta	jm	digital	Seguimiento digital	sd_pauta_meta		SUMA				miles			Resumen Ejecutivo sembrado 16/08 — agregado global de digital (sin id_cuenta), recortado por la ventana del informe con la fecha_periodo de la solapa
pauta_prog	pauta	jm	digital	Seguimiento digital	sd_pauta_prog		SUMA				miles			Resumen Ejecutivo sembrado 16/08 — agregado global de digital (sin id_cuenta), recortado por la ventana del informe con la fecha_periodo de la solapa
imp_total	imp	jm	looker	DIGITAL	Impresiones		SUMA		estado=Activa	ambito=jm	miles			MOVIDO el 10/08/2026 por el _25, cerrando el P0. ANTES: looker/resumen_metricas_dinamico, campo dig_impresiones, filtro `campana~=JM`, ventana por PUNTO (esa solapa no declara fecha_fin_periodo). Publicaba 3.958.570 sobre 4 fila(s) con estado ok, y ese valor bajaba: el _22 habia medido 6.084.893 el 10/08 y el mismo marcador dio 3.958.570 horas despues. AHORA: looker/DIGITAL, campo Impresiones, filtro `nombre_campaña~=JM && estado=Activa`, ventana POR REFERENCIA a Cuentas (R-25, solape). 51 filas. POR QUE: el P0 no objetaba que tuviera fuente sino que tuviera OTRA fuente que la de sus sumandos — un segundo camino al mismo numero, destinado a divergir. Ahora es la misma solapa y el mismo corte que imp_meta/imp_google/imp_prog, sin la condicion de plataforma, asi que imp_total == la suma de los tres es un control corrible y no una esperanza.
frecuencia	frecuencia	jm	looker	resumen_metricas_dinamico	dig_impresiones/alcance		RATIO			ambito=jm	numero			SIN VALIDAR - demo 12/08. Re-apuntado el 11/08 por el _27 2.1: venia digital/Digital dig_frecuencia ULTIMO filtro dig_jm_gcba=JM, y esa solapa NO es fuente (R-22), asi que publicaba error solapa_no_fuente. RATIO impresiones/alcance confirmada por V-68 y V-69. SIN estado=Activa a proposito: con ese filtro las unicas 2 filas Activa de la ventana son las dos JM y gcba_frecuencia quedaba en 0 de 26 - un par complementario con una mitad vacia no es un universo. El total JM no cierra contra el 11,9 publicado (C-22): abierto.
gcba_mail_envios	gcba	jm	digital	Directa Mail	mail_enviados		SUMA			ambito=gcba	miles			Resumen Ejecutivo sembrado 16/08 — agregado global de digital (sin id_cuenta), recortado por la ventana del informe con la fecha_periodo de la solapa
gcba_mail_entregados	gcba	jm	digital	Directa Mail	mail_entregados		SUMA			ambito=gcba	miles			Resumen Ejecutivo sembrado 16/08 — agregado global de digital (sin id_cuenta), recortado por la ventana del informe con la fecha_periodo de la solapa
gcba_mail_aperturas	gcba	jm	digital	Directa Mail	mail_aperturas		SUMA			ambito=gcba	miles			Resumen Ejecutivo sembrado 16/08 — agregado global de digital (sin id_cuenta), recortado por la ventana del informe con la fecha_periodo de la solapa
gcba_mail_or	gcba	jm	digital	Directa Mail	mail_aperturas/mail_entregados		PCT			ambito=gcba	porcentaje_sin_signo			Resumen Ejecutivo sembrado 16/08 — agregado global de digital (sin id_cuenta), recortado por la ventana del informe con la fecha_periodo de la solapa
gcba_sms_envios	gcba	jm	digital	Directa SMS	sms_enviados		SUMA				miles			Resumen Ejecutivo sembrado 16/08 — agregado global de digital (sin id_cuenta), recortado por la ventana del informe con la fecha_periodo de la solapa
gcba_sms_entregados	gcba	jm	digital	Directa SMS	sms_entregados		SUMA				miles			Resumen Ejecutivo sembrado 16/08 — agregado global de digital (sin id_cuenta), recortado por la ventana del informe con la fecha_periodo de la solapa
gcba_pauta_google	gcba	jm	digital	Seguimiento digital	sd_pauta_google		SUMA				miles			Resumen Ejecutivo sembrado 16/08 — agregado global de digital (sin id_cuenta), recortado por la ventana del informe con la fecha_periodo de la solapa
gcba_pauta_meta	gcba	jm	digital	Seguimiento digital	sd_pauta_meta		SUMA				miles			Resumen Ejecutivo sembrado 16/08 — agregado global de digital (sin id_cuenta), recortado por la ventana del informe con la fecha_periodo de la solapa
gcba_pauta_prog	gcba	jm	digital	Seguimiento digital	sd_pauta_prog		SUMA				miles			Resumen Ejecutivo sembrado 16/08 — agregado global de digital (sin id_cuenta), recortado por la ventana del informe con la fecha_periodo de la solapa
gcba_imp_total	gcba	jm	looker	DIGITAL	Impresiones		SUMA		estado=Activa	ambito=gcba	miles			MOVIDO el 10/08/2026 por el _25, cerrando el P0. ANTES: looker/resumen_metricas_dinamico, campo dig_impresiones, filtro `campana!~=JM`, ventana por PUNTO (esa solapa no declara fecha_fin_periodo). Publicaba 2.029.539 sobre 22 fila(s) con estado ok, y ese valor bajaba: el _22 habia medido 6.084.893 el 10/08 y el mismo marcador dio 2.029.539 horas despues. AHORA: looker/DIGITAL, campo Impresiones, filtro `nombre_campaña!~=JM && estado=Activa`, ventana POR REFERENCIA a Cuentas (R-25, solape). 331 filas. POR QUE: el P0 no objetaba que tuviera fuente sino que tuviera OTRA fuente que la de sus sumandos — un segundo camino al mismo numero, destinado a divergir. Ahora es la misma solapa y el mismo corte que imp_meta/imp_google/imp_prog, sin la condicion de plataforma, asi que imp_total == la suma de los tres es un control corrible y no una esperanza.
gcba_frecuencia	gcba	jm	looker	resumen_metricas_dinamico	dig_impresiones/alcance		RATIO			ambito=gcba	numero			SIN VALIDAR - demo 12/08. Idem frecuencia, corte complementario !~=JM. Sin estado=Activa por el mismo motivo: con el filtro de estado daba 0 de 26.
ecv_barrios	ecv	jm	rdv	RVD JM-CM - ES	barrio		LISTA			ambito=jm		rdv/Comunas		R-18 — lista DISTINCT con canon del catalogo. separador vacio = ", "
ecv_inscriptos	ecv	jm	rdv	RVD JM-CM - ES	inscriptos		SUMA			ambito=jm	numero			Lote de la lamina 5 (08/08). Filtro por R-15 addendum 1: rdv trae todo el gabinete.
ecv_asistentes	ecv	jm	rdv	RVD JM-CM - ES	asistentes		SUMA			ambito=jm	numero			Lote de la lamina 5 (08/08). Filtro por R-15 addendum 1: rdv trae todo el gabinete.
ecv_insc_mail	ecv	jm	rdv	RVD JM-CM - ES	insc_mail		SUMA			ambito=jm	numero			Lote de la lamina 5 (08/08). Filtro por R-15 addendum 1: rdv trae todo el gabinete.
ecv_insc_cc	ecv	jm	rdv	RVD JM-CM - ES	insc_cc		SUMA			ambito=jm	numero			Lote de la lamina 5 (08/08). Filtro por R-15 addendum 1: rdv trae todo el gabinete.
ecv_insc_ivr	ecv	jm	rdv	RVD JM-CM - ES	insc_ivr		SUMA			ambito=jm	numero			Lote de la lamina 5 (08/08). Filtro por R-15 addendum 1: rdv trae todo el gabinete.
ecv_insc_digital	ecv	jm	rdv	RVD JM-CM - ES	insc_digital		SUMA			ambito=jm	numero			Lote de la lamina 5 (08/08). Filtro por R-15 addendum 1: rdv trae todo el gabinete.
ecv_insc_dif	ecv	jm	rdv	RVD JM-CM - ES	insc_dif		SUMA			ambito=jm	numero			Lote de la lamina 5 (08/08). Filtro por R-15 addendum 1: rdv trae todo el gabinete.
imp_meta	imp	jm	looker	DIGITAL	Impresiones		SUMA		estado=Activa	ambito=jm && plataforma=meta	miles			R-24: Meta por igualdad exacta. Fuente: looker/DIGITAL, que no tiene columna temporal propia y toma la ventana de looker/Cuentas por pertenencia (R-25). Corte JM por R-23 sobre nombre_campaña. Cableado 10/08/2026 por el _25.
imp_google	imp	jm	looker	DIGITAL	Impresiones		SUMA		estado=Activa	ambito=jm && plataforma=google	miles			R-24: Google ads por igualdad exacta. Fuente: looker/DIGITAL, que no tiene columna temporal propia y toma la ventana de looker/Cuentas por pertenencia (R-25). Corte JM por R-23 sobre nombre_campaña. Cableado 10/08/2026 por el _25.
imp_prog	imp	jm	looker	DIGITAL	Impresiones		SUMA		estado=Activa	ambito=jm && plataforma=programmatic	miles			R-24: POR RESTA, no por lista. Una lista explicita escrita el 10/08 ya estaba incompleta ese mismo dia (aparecieron Twitch y Uber, y Twitch con un espacio al final). Por resta un valor mal escrito cae del lado correcto; por lista desaparece sin fallar. Fuente: looker/DIGITAL, que no tiene columna temporal propia y toma la ventana de looker/Cuentas por pertenencia (R-25). Corte JM por R-23 sobre nombre_campaña. Cableado 10/08/2026 por el _25.
gcba_imp_meta	imp	jm	looker	DIGITAL	Impresiones		SUMA		estado=Activa	ambito=gcba && plataforma=meta	miles			R-24 con el corte invertido. Fuente: looker/DIGITAL, que no tiene columna temporal propia y toma la ventana de looker/Cuentas por pertenencia (R-25). Corte JM por R-23 sobre nombre_campaña. Cableado 10/08/2026 por el _25.
gcba_imp_google	imp	jm	looker	DIGITAL	Impresiones		SUMA		estado=Activa	ambito=gcba && plataforma=google	miles			R-24 con el corte invertido. Fuente: looker/DIGITAL, que no tiene columna temporal propia y toma la ventana de looker/Cuentas por pertenencia (R-25). Corte JM por R-23 sobre nombre_campaña. Cableado 10/08/2026 por el _25.
gcba_imp_prog	imp	jm	looker	DIGITAL	Impresiones		SUMA		estado=Activa	ambito=gcba && plataforma=programmatic	miles			R-24 por resta, con el corte invertido. Del lado GCBA es donde viven las plataformas chicas (TikTok, Twitch con espacio, Mercado Libre): del lado JM no hay ninguna. Fuente: looker/DIGITAL, que no tiene columna temporal propia y toma la ventana de looker/Cuentas por pertenencia (R-25). Corte JM por R-23 sobre nombre_campaña. Cableado 10/08/2026 por el _25.
m2_envios	m2	jm	digital	Directa Mail	mail_id_cuenta		CONTEO			tipo_envio=m2	miles			SIN VALIDAR - demo 12/08. Cableado 11/08 por el _27 2.2 sobre la lamina 9 (visible). Clasificador de X-12: Tipo de mail CONTIENE M2 (col I). X-12 lo declaraba NO expresable en MARCADORES.filtro; esa premisa vencio con el _24, que trajo ~=. Universo NO acotado por Enviados!=0, que X-12 si excluia y el filtro no expresa.
m2_mails_enviados	m2	jm	digital	Directa Mail	mail_enviados		SUMA			tipo_envio=m2	miles			SIN VALIDAR - demo 12/08. _27 2.2. Caso X-13: publicado 902.703, medido 927.030 (residuo 2,7%) - conteo exacto, suma no.
m2_mails_entregados	m2	jm	digital	Directa Mail	mail_entregados		SUMA			tipo_envio=m2	miles			SIN VALIDAR - demo 12/08. _27 2.2. Caso X-14.
m2_aperturas	m2	jm	digital	Directa Mail	mail_aperturas		SUMA			tipo_envio=m2	miles			SIN VALIDAR - demo 12/08. _27 2.2. Caso X-15.
m2_clics	m2	jm	digital	Directa Mail	mail_clics		SUMA			tipo_envio=m2	miles			SIN VALIDAR - demo 12/08. _27 2.2. Sin caso de validacion propio.
m2_or	m2	jm	digital	Directa Mail	mail_aperturas/mail_entregados		PCT			tipo_envio=m2	porcentaje_sin_signo			SIN VALIDAR - demo 12/08. _27 2.2. Misma forma que mail_or y gcba_mail_or: PCT sobre los agregados, no promedio de la columna mail_or - promediar una tasa por fila es la trampa que N2 dejo escrita para frecuencia.
m2_ctor	m2	jm	digital	Directa Mail	mail_clics/mail_aperturas		PCT			tipo_envio=m2	porcentaje_sin_signo			SIN VALIDAR - demo 12/08. _27 2.2. CTOR = clics sobre aperturas. Mismo criterio que m2_or.
ecv_barrio	ecv	jm	rdv	RVD JM-CM - ES	barrio		ULTIMO			ambito=jm				_28 (11/08) - el barrio de ESTE encuentro. Vive solo en la lamina 6, que es la modelo de la seccion encuentro, asi que se resuelve contra la fila de rdv del item (_28) y no contra la ventana. Quedo sin duenio porque el comentario de ecv_alcance_semanal en SEED_SECCIONES_ lo excluye de la familia con razon - es prefijo de ecv_barrio1/2/3 y tokenEsDeFamilia_ compara con indexOf(f)===0 - pero esa exclusion no lo cableaba en ningun otro lado. ULTIMO sobre una sola fila devuelve el valor de esa fila.
ecv_poblacion	ecv	jm	rdv	RVD JM-CM - ES	poblacion		ULTIMO			ambito=jm	miles			_28 (11/08) - habitantes del barrio de ESTE encuentro, columna AB de rdv. Mismo caso que ecv_barrio: solo en la lamina 6 y depende de la fila del item.
ivr_75	ivr	jm	digital	Directa IVR	ivr_e75		SUMA				miles			SIN VALIDAR - demo 12/08. _31.1 Parte C, lamina 5. MAPEO ya tenia ivr_e75 (col N). Sin filtro, igual que el resto de la familia ivr_ de esta lamina.
ivr_75_pct	ivr	jm	digital	Directa IVR	ivr_e75/ivr_atendidos		PCT				porcentaje_sin_signo			SIN VALIDAR - demo 12/08. _31.1 Parte C. Calca la forma de ivr_at_pct, que es PCT ivr_atendidos/ivr_llamados: cada porcentaje del embudo es la etapa sobre la anterior (llamados -> atendidos -> e75 -> marque1). PCT sobre los agregados y no promedio de la columna ivr_e75_pct, por el mismo motivo que m2_or.
ivr_marque1	ivr	jm	digital	Directa IVR	ivr_marque1		SUMA				miles			SIN VALIDAR - demo 12/08. _31.1 Parte C. MAPEO ya tenia ivr_marque1 (col P).
enc_evento	enc	jm	rdv	RVD JM-CM - ES	evento		ULTIMO			ambito=jm				SIN VALIDAR - demo 12/08. _35 Parte C: el EVENTO de ESTE encuentro, para la caratula de la lamina 4. ULTIMO y no TEXTO -- opTEXTO devuelve valor_fijo, un literal, y habria publicado vacio en las seis laminas (correccion del _35.1). Se resuelve por item con la rama de rdv de opciones.fila_rdv (f9443d1), la misma que ya prueba ecv_barrio leyendo del deck. El nombre empieza con enc_ para caer en familia_tokens de encuentro y no es prefijo de ningun token existente ni tiene a otro como prefijo. El valor sale CRUDO, sin normalizar: hay cinco pares escritos distinto y normalizar aca seria fijar un catalogo por la puerta de atras (_34).
enc_base_total	enc	jm	reuniones	Agenda JM	cc_base_total		ULTIMO		cc_base_total!=0		numero			_44 (12/08) - embudo del iceberg contra reuniones/Agenda JM (C-58). Lee la fila del encuentro por D-30 (SOLAPAS.campo_id_cuenta). ULTIMO y no SUMA: es UNA fila por cuenta. El filtro !=0 es el REVISAR pedido: 3387 declara cero en los cuatro campos con el resto de la fila cargada, y publicar 0 ahi seria una afirmacion falsa. SIN VALIDAR. V-86: 3289 da 5387, exacto contra la lamina 9 publicada.
enc_base_llamada	enc	jm	reuniones	Agenda JM	cc_base_discada		ULTIMO		cc_base_discada!=0		numero			_44 (12/08) - embudo del iceberg contra reuniones/Agenda JM (C-58). Lee la fila del encuentro por D-30 (SOLAPAS.campo_id_cuenta). ULTIMO y no SUMA: es UNA fila por cuenta. El filtro !=0 es el REVISAR pedido: 3387 declara cero en los cuatro campos con el resto de la fila cargada, y publicar 0 ahi seria una afirmacion falsa. SIN VALIDAR. V-86: 3289 da 4726, exacto.
enc_ll_contactados	enc	jm	reuniones	Agenda JM	cc_contactados		ULTIMO		cc_contactados!=0		numero			_44 (12/08) - embudo del iceberg contra reuniones/Agenda JM (C-58). Lee la fila del encuentro por D-30 (SOLAPAS.campo_id_cuenta). ULTIMO y no SUMA: es UNA fila por cuenta. El filtro !=0 es el REVISAR pedido: 3387 declara cero en los cuatro campos con el resto de la fila cargada, y publicar 0 ahi seria una afirmacion falsa. SIN VALIDAR. V-86: 3289 da 1380, exacto.
enc_ll_contactados_pct	enc	jm	reuniones	Agenda JM	cc_contactados_pct		ULTIMO		cc_contactados_pct!=0		fraccion			_44 (12/08) - embudo del iceberg contra reuniones/Agenda JM (C-58). Lee la fila del encuentro por D-30 (SOLAPAS.campo_id_cuenta). ULTIMO y no SUMA: es UNA fila por cuenta. El filtro !=0 es el REVISAR pedido: 3387 declara cero en los cuatro campos con el resto de la fila cargada, y publicar 0 ahi seria una afirmacion falsa. SIN VALIDAR. La base lo trae como fraccion (0,2920): se lee, no se recalcula.
enc_ll_efectivos	enc	jm	reuniones	Agenda JM	cc_efectivos		ULTIMO		cc_efectivos!=0		numero			_44 (12/08) - embudo del iceberg contra reuniones/Agenda JM (C-58). Lee la fila del encuentro por D-30 (SOLAPAS.campo_id_cuenta). ULTIMO y no SUMA: es UNA fila por cuenta. El filtro !=0 es el REVISAR pedido: 3387 declara cero en los cuatro campos con el resto de la fila cargada, y publicar 0 ahi seria una afirmacion falsa. SIN VALIDAR. V-86: 3289 da 1181, exacto.
enc_ll_efectivos_pct	enc	jm	reuniones	Agenda JM	cc_efectivos_pct		ULTIMO		cc_efectivos_pct!=0		fraccion			_44 (12/08) - embudo del iceberg contra reuniones/Agenda JM (C-58). Lee la fila del encuentro por D-30 (SOLAPAS.campo_id_cuenta). ULTIMO y no SUMA: es UNA fila por cuenta. El filtro !=0 es el REVISAR pedido: 3387 declara cero en los cuatro campos con el resto de la fila cargada, y publicar 0 ahi seria una afirmacion falsa. SIN VALIDAR. Fraccion, igual que el de contactados.
enc_alcance_potencial	enc	jm	reuniones	Agenda JM	alc_potencial		ULTIMO		alc_potencial!=0		miles			_44 (12/08) - Alcance objetivo del iceberg, reuniones/Agenda JM col AG. Decision del usuario: cablear con REVISAR en cero. SIN VALIDAR
enc_alcance_pct	enc	jm	reuniones	Agenda JM	alc_cobertura_pct		ULTIMO		alc_cobertura_pct!=0		fraccion			_44 (12/08) - % Cobertura, col AH. OJO: sale 0 en las 14 filas donde Habitantes es el texto Revisar (las de eje, entre ellas 3387 y 3178), y el filtro !=0 las manda a FALTANTES en vez de publicar un cero falso. SIN VALIDAR
enc_impresiones	enc	jm	reuniones	Agenda JM	imp_totales		ULTIMO		imp_totales!=0		miles			_44 (12/08) - RE-APUNTADO de digital/Digital a reuniones/Agenda JM. La fila vieja apuntaba a una solapa con uso=ignorar (R-22) y publicaba error desde que se cableo el 04/08: nunca dio un numero. V-88 valida la fuente nueva: 3354 da 42.500, identico al deck y a Digital 2026 acumulado. SIN VALIDAR